Exercise,PR Weight (lbs),Last Performed
Calf Press (Machine),450.0,"8 Feb 2026, 15:45"
Leg Press (Machine),450.0,"9 Jul 2024, 10:09"
Hip Thrust (Machine),365.0,"8 Jul 2025, 08:52"
Hack Squat (Machine),310.0,"8 Jun 2025, 15:43"
Seated Calf Raise,280.0,"8 Jun 2025, 15:43"
Kelso Shrug (Smith Machine),270.0,"8 Jul 2025, 08:52"
Kelso Shrug,270.0,"9 Oct 2025, 11:44"
Neutral Grip Chest Press,255.0,"6 Jul 2025, 09:07"
Straight Leg Deadlift,255.0,"9 Sep 2025, 12:36"
Incline Chest Press (Machine),255.0,"9 Oct 2025, 11:44"
Chest Supported Row,250.0,"9 Feb 2026, 16:56"
Leg Press Horizontal (Machine),240.0,"30 Apr 2025, 15:58"
Leg Extension (Machine),240.0,"9 Jul 2024, 10:09"
Back Extension (Machine),240.0,"8 Jun 2025, 15:43"
Chest Press (Machine),230.0,"9 Nov 2024, 10:55"
Serratus Anterior,230.0,"9 Aug 2025, 10:55"
Decline Bench Press (Machine),220.0,"7 Feb 2026, 14:26"
Standing Calf Raise (Barbell),205.0,"9 Apr 2024, 15:52"
Calf Extension (Machine),200.0,"9 Jul 2024, 10:09"
Oblique Twist,200.0,"7 Jan 2026, 07:05"
Seated Shoulder Press (Machine),200.0,"9 Aug 2025, 10:55"
Shoulder Press (Machine Plates),180.0,"9 Oct 2025, 11:44"
Back Extension (Weighted Hyperextension),180.0,"7 Oct 2025, 11:16"
Seated Row (Machine),180.0,"9 Nov 2024, 10:55"
Pullover (Machine),180.0,"9 Oct 2025, 11:44"
Lat Pulldown (Cable),175.0,"9 Sep 2025, 12:36"
Chest Supported Row (Smith Machine),175.0,"8 Jul 2025, 08:52"
Bench Press (Dumbbell),170.0,"9 Oct 2025, 11:44"
Chest Fly (Machine),165.0,"9 Nov 2024, 10:55"
Hip Abduction (Machine),165.0,"7 Jan 2026, 07:05"
Bench Press (Barbell),165.0,"9 Dec 2025, 12:04"
Bench Press (Smith Machine),165.0,"9 Jun 2024, 18:58"
Romanian Deadlift (Barbell),165.0,"9 Apr 2024, 15:52"
Pec Deck Single Arm,165.0,"9 Aug 2025, 10:55"
Shrug (Smith Machine),165.0,"24 Jun 2025, 07:48"
Incline Bench Press (Smith Machine),160.0,"9 Aug 2025, 10:55"
Hip Adduction (Machine),160.0,"8 Jun 2025, 15:43"
Cable Crunch,155.0,"8 Sep 2025, 12:15"
Incline Bench Press (Dumbbell),150.0,"8 Sep 2025, 12:15"
Lying Leg Curl (Machine),150.0,"8 Feb 2026, 15:45"
Shrug (Dumbbell),150.0,"7 Jun 2025, 11:04"
Seated Cable Row - Bar Wide Grip,150.0,"9 Sep 2025, 12:36"
Squat (Barbell),140.0,"9 Apr 2024, 15:52"
Romanian Deadlift (Dumbbell),140.0,"9 Jul 2024, 10:09"
Glute Bridge (Machine),140.0,"28 Jun 2025, 09:13"
Seated Leg Curl (Machine),140.0,"9 Sep 2025, 12:36"
Bent Over Row (Barbell),135.0,"4 Aug 2025, 17:28"
Shoulder Press (Dumbbell),130.0,"9 Nov 2024, 10:55"
Single Leg Extensions,130.0,"8 Feb 2026, 15:45"
Single Arm Lat Pulldown,125.0,"9 Sep 2025, 12:36"
JM Press (Barbell),125.0,"8 Sep 2025, 12:15"
Pull Up (Assisted),121.0,"9 Jun 2024, 18:58"
Side Bend (Dumbbell),120.0,"8 Aug 2025, 06:53"
Seated Cable Row - V Grip (Cable),120.0,"9 Jun 2024, 18:58"
Overhead Press (Smith Machine),115.0,"3 May 2025, 12:02"
Overhead Press (Barbell),115.0,"5 Sep 2024, 16:51"
Iso-Lateral High Row (Machine),115.0,"29 Dec 2025, 16:53"
Squat (Smith Machine),115.0,"5 Nov 2024, 16:11"
Rear Delt Reverse Fly (Machine),105.0,"9 Nov 2024, 10:55"
Seated Cable Row - Bar Grip,105.0,"8 Aug 2024, 10:18"
Lateral Raise (Machine),100.0,"9 Feb 2026, 16:56"
Bicep Curl (Machine),90.0,"28 Feb 2025, 16:04"
Dumbbell Row,88.18,"4 Jun 2024, 03:34"
Preacher Curl (Machine),85.0,"9 May 2024, 15:45"
Incline Bench Press (Barbell),80.0,"24 Mar 2024, 11:17"
Triceps Pushdown,77.0,"7 Aug 2025, 06:04"
Bicep Curl (Dumbbell),70.0,"9 Apr 2025, 18:09"
Chest Fly (Dumbbell),66.14,"4 Jun 2024, 03:34"
Wrist Roller,65.0,"6 Nov 2025, 19:40"
Triceps Rope Pushdown,65.0,"9 May 2024, 15:45"
Bicep Curl (Barbell),60.0,"8 Jul 2024, 09:08"
Skullcrusher (Dumbbell),60.0,"8 Jul 2024, 09:08"
Hammer Curl (Dumbbell),60.0,"9 May 2024, 15:45"
Single Arm Cable Row,60.0,"9 Nov 2024, 10:55"
Seated Incline Curl (Dumbbell),60.0,"5 Apr 2024, 08:33"
Seated Wrist Extension (Barbell),60.0,"9 May 2024, 15:45"
Reverse Curl (Cable),60.0,"9 Sep 2025, 12:36"
Spider Curl (Barbell),55.12,"24 Jun 2024, 18:50"
Seated Palms Up Wrist Curl,55.0,"9 Sep 2025, 12:36"
Cable Fly Crossovers,51.0,"7 Apr 2024, 09:14"
Crunch (Machine),50.0,"9 Jul 2024, 10:09"
Hammer Curl (Cable),50.0,"4 Aug 2024, 14:49"
Triceps Extension (Cable),45.0,"9 Oct 2025, 11:44"
Decline Crunch (Weighted),45.0,"7 Jan 2026, 07:05"
Lateral Raise (Dumbbell),40.0,"9 May 2024, 15:45"
Reverse Curl (Barbell),40.0,"9 May 2024, 15:45"
Preacher Curl (Dumbbell),35.0,"9 Sep 2025, 12:36"
Bicep Curl (Cable),35.0,"9 May 2024, 15:45"
Skullcrusher (Barbell),30.0,"30 Mar 2024, 10:12"
Front Raise (Dumbbell),27.5,"9 Feb 2026, 16:56"
Rotator Cuff,27.5,"9 Sep 2025, 12:36"
Lateral Raise (Cable),25.0,"9 Oct 2025, 11:44"
Rear Delt Reverse Fly (Cable),25.0,"9 Sep 2025, 12:36"
Single Arm Curl (Cable),22.5,"8 Nov 2024, 15:59"
Low Cable Fly Crossovers,20.0,"9 Dec 2025, 12:04"
Single Arm Tricep Extension (Dumbbell),7.5,"5 Jun 2024, 01:28"
